{"total":1337000,"data":[{"deal_date":"2018-08-31 22:14:50","close_date":"2018-09-01 00:00:00","card_no":"CBEHFCFCG","deal_value":"0","deal_type":"地铁入站","company_name":"地铁五号线","car_no":"IGT-105","station":"布吉","conn_mark":"0","deal_money":"0","equ_no":"263032105"},{"deal_date":"2018-08-31 22:13:39","close_date":"2018-09-01 00:00:00","card_no":"CBCEBDIJE","deal_value":"0","deal_type":"地铁入站","company_name":"地铁五号线","car_no":"IGT-105","station":"布吉","conn_mark":"0","deal_money":"0","equ_no":"263032105"},{"deal_date":"2018-08-31 23:11:06","close_date":"2018-09-01 00:00:00","card_no":"FFHEDIBCC","deal_value":"700","deal_type":"地铁出站","company_name":"地铁五号线","car_no":"OGT-101","station":"长龙","conn_mark":"0","deal_money":"665","equ_no":"263031101"},{"deal_date":"2018-08-31 23:08:15","close_date":"2018-09-01 00:00:00","card_no":"FFDGIGIFH","deal_value":"500","deal_type":"地铁出站","company_name":"地铁五号线","car_no":"OGT-101","station":"长龙","conn_mark":"0","deal_money":"475","equ_no":"263031101"},{"deal_date":"2018-08-31 19:41:51","close_date":"2018-09-01 00:00:00","card_no":"FHDICIDBD","deal_value":"0","deal_type":"地铁入站","company_name":"地铁五号线","car_no":"IGT-104","station":"布吉","conn_mark":"0","deal_money":"0","equ_no":"263032104"},{"deal_date":"2018-08-31 22:30:08","close_date":"2018-09-01 00:00:00","card_no":"FHEDCGCCA","deal_value":"0","deal_type":"地铁入站","company_name":"地铁五号线","car_no":"IGT-105","station":"布吉","conn_mark":"0","deal_money":"0","equ_no":"263032105"},{"deal_date":"2018-08-31 23:12:04","close_date":"2018-09-01 00:00:00","card_no":"CCJIAAIFJ","deal_value":"400","deal_type":"地铁出站","company_name":"地铁五号线","car_no":"OGT-101","station":"长龙","conn_mark":"0","deal_money":"380","equ_no":"263031101"},{"deal_date":"2018-08-31 22:45:05","close_date":"2018-09-01 00:00:00","card_no":"CBHHGEJEC","deal_value":"0","deal_type":"地铁入站","company_name":"地铁五号线","car_no":"IGT-105","station":"布吉","conn_mark":"0","deal_money":"0","equ_no":"263032105"},{"deal_date":"2018-08-31 19:51:21","close_date":"2018-09-01 00:00:00","card_no":"HHAAJFHIE","deal_value":"0","deal_type":"地铁入站","company_name":"地铁五号线","car_no":"IGT-104","station":"布吉","conn_mark":"0","deal_money":"0","equ_no":"263032104"},{"deal_date":"2018-09-01 04:47:20","close_date":"2018-09-01 00:00:00","card_no":"HHAAJAEGB","deal_value":"200","deal_type":"地铁出站","company_name":"地铁三号线","car_no":"AGM-104","station":"双龙","conn_mark":"0","deal_money":"0","equ_no":"261032104"},{"deal_date":"2018-08-31 22:49:31","close_date":"2018-09-01 00:00:00","card_no":"FHIFJCJBE","deal_value":"0","deal_type":"地铁入站","company_name":"地铁五号线","car_no":"IGT-105","station":"布吉","conn_mark":"0","deal_money":"0","equ_no":"263032105"},{"deal_date":"2018-08-31 22:51:22","close_date":"2018-09-01 00:00:00","card_no":"FFHCHFCFG","deal_value":"0","deal_type":"地铁入站","company_name":"地铁五号线","car_no":"IGT-105","station":"布吉","conn_mark":"0","deal_money":"0","equ_no":"263032105"},{"deal_date":"2018-08-31 20:18:50","close_date":"2018-09-01 00:00:00","card_no":"CBEBEJJCI","deal_value":"0","deal_type":"地铁入站","company_name":"地铁五号线","car_no":"IGT-104","station":"布吉","conn_mark":"0","deal_money":"0","equ_no":"263032104"},{"deal_date":"2018-08-31 22:49:56","close_date":"2018-09-01 00:00:00","card_no":"FFIADAEJD","deal_value":"0","deal_type":"地铁入站","company_name":"地铁五号线","car_no":"IGT-105","station":"布吉","conn_mark":"0","deal_money":"0","equ_no":"263032105"},{"deal_date":"2018-09-01 04:41:05","close_date":"2018-09-01 00:00:00","card_no":"HHAAJIJJE","deal_value":"0","deal_type":"地铁入站","company_name":"地铁三号线","car_no":"AGM-102","station":"荷坳","conn_mark":"0","deal_money":"0","equ_no":"261026102"},{"deal_date":"2018-08-31 22:48:00","close_date":"2018-09-01 00:00:00","card_no":"CBGJBBJHH","deal_value":"0","deal_type":"地铁入站","company_name":"地铁五号线","car_no":"IGT-105","station":"布吉","conn_mark":"0","deal_money":"0","equ_no":"263032105"},{"deal_date":"2018-08-31 22:55:34","close_date":"2018-09-01 00:00:00","card_no":"BIJCHFBCA","deal_value":"0","deal_type":"地铁入站","company_name":"地铁五号线","car_no":"IGT-105","station":"布吉","conn_mark":"0","deal_money":"0","equ_no":"263032105"},{"deal_date":"2018-09-01 04:52:00","close_date":"2018-09-01 00:00:00","card_no":"HHJJAFJCF","deal_value":"200","deal_type":"地铁出站","company_name":"地铁九号线","car_no":"OGT-102","station":"红岭","conn_mark":"0","deal_money":"0","equ_no":"267027102"},{"deal_date":"2018-09-01 04:54:21","close_date":"2018-09-01 00:00:00","card_no":"HHAAJHEFF","deal_value":"200","deal_type":"地铁出站","company_name":"地铁九号线","car_no":"双AGM-117","station":"红岭南","conn_mark":"0","deal_money":"0","equ_no":"267028117"},{"deal_date":"2018-08-31 20:36:56","close_date":"2018-09-01 00:00:00","card_no":"FFFJEIFFC","deal_value":"0","deal_type":"地铁入站","company_name":"地铁五号线","car_no":"IGT-104","station":"布吉","conn_mark":"0","deal_money":"0","equ_no":"263032104"},{"deal_date":"2018-08-31 20:43:21","close_date":"2018-09-01 00:00:00","card_no":"FIJDJIFCH","deal_value":"0","deal_type":"地铁入站","company_name":"地铁五号线","car_no":"IGT-104","station":"布吉","conn_mark":"0","deal_money":"0","equ_no":"263032104"},{"deal_date":"2018-09-01 05:10:13","close_date":"2018-09-01 00:00:00","card_no":"HHJJAIHJH","deal_value":"200","deal_type":"地铁出站","company_name":"地铁一号线","car_no":"OGT-107","station":"世界之窗站","conn_mark":"0","deal_money":"0","equ_no":"268016107"},{"deal_date":"2018-09-01 05:10:05","close_date":"2018-09-01 00:00:00","card_no":"HHJJAIAHC","deal_value":"200","deal_type":"地铁出站","company_name":"地铁十一号线","car_no":"AGT-101","station":"后亭","conn_mark":"0","deal_money":"0","equ_no":"241026101"},{"deal_date":"2018-09-01 05:11:47","close_date":"2018-09-01 00:00:00","card_no":"HHJJAEIGB","deal_value":"200","deal_type":"地铁出站","company_name":"地铁十一号线","car_no":"OGT-114","station":"南山站","conn_mark":"0","deal_money":"0","equ_no":"241015114"},{"deal_date":"2018-09-01 05:11:29","close_date":"2018-09-01 00:00:00","card_no":"HHJJBJJID","deal_value":"200","deal_type":"地铁出站","company_name":"地铁十一号线","car_no":"OGT-105","station":"塘尾站","conn_mark":"0","deal_money":"0","equ_no":"241023105"},{"deal_date":"2018-09-01 05:16:33","close_date":"2018-09-01 00:00:00","card_no":"HHAAJJIAB","deal_value":"0","deal_type":"地铁入站","company_name":"地铁一号线","car_no":"AGT-109","station":"华强路站","conn_mark":"0","deal_money":"0","equ_no":"268006109"},{"deal_date":"2018-08-31 20:59:11","close_date":"2018-09-01 00:00:00","card_no":"FFIACBHFC","deal_value":"0","deal_type":"地铁入站","company_name":"地铁五号线","car_no":"IGT-104","station":"布吉","conn_mark":"0","deal_money":"0","equ_no":"263032104"},{"deal_date":"2018-09-01 05:28:02","close_date":"2018-09-01 00:00:00","card_no":"HHAAJAGBE","deal_value":"200","deal_type":"地铁出站","company_name":"地铁五号线","conn_mark":"0","deal_money":"0","equ_no":"263020143"},{"deal_date":"2018-08-31 21:08:11","close_date":"2018-09-01 00:00:00","card_no":"FFCBDHHDI","deal_value":"0","deal_type":"地铁入站","company_name":"地铁五号线","car_no":"IGT-104","station":"布吉","conn_mark":"0","deal_money":"0","equ_no":"263032104"},{"deal_date":"2018-08-31 21:07:42","close_date":"2018-09-01 00:00:00","card_no":"BJGCEABJ","deal_value":"0","deal_type":"地铁入站","company_name":"地铁五号线","car_no":"IGT-104","station":"布吉","conn_mark":"0","deal_money":"0","equ_no":"263032104"},{"deal_date":"2018-09-01 05:44:58","close_date":"2018-09-01 00:00:00","card_no":"HHAAJBCGJ","deal_value":"0","deal_type":"地铁入站","company_name":"地铁七号线","car_no":"进AGM15-16","station":"福民","conn_mark":"0","deal_money":"0","equ_no":"265025111"},{"deal_date":"2018-09-01 05:11:56","close_date":"2018-09-01 00:00:00","card_no":"HHACJJGIH","deal_value":"200","deal_type":"地铁出站","company_name":"地铁四号线","car_no":"AGM-119","station":"龙华","conn_mark":"0","deal_money":"0","equ_no":"262012119"},{"deal_date":"2018-09-01 06:00:32","close_date":"2018-09-01 00:00:00","card_no":"HHAAJJDCE","deal_value":"200","deal_type":"地铁出站","company_name":"地铁二号线","car_no":"OGT-101","station":"登良","conn_mark":"0","deal_money":"0","equ_no":"260018101"},{"deal_date":"2018-09-01 05:57:58","close_date":"2018-09-01 00:00:00","card_no":"HHAAJHCEH","deal_value":"0","deal_type":"地铁入站","company_name":"地铁十一号线","car_no":"IGT-119","station":"塘尾站","conn_mark":"0","deal_money":"0","equ_no":"241023119"},{"deal_date":"2018-09-01 06:00:33","close_date":"2018-09-01 00:00:00","card_no":"HHAAJACBE","deal_value":"200","deal_type":"地铁出站","company_name":"地铁十一号线","car_no":"AGT-118","station":"宝安站","conn_mark":"0","deal_money":"0","equ_no":"241017118"},{"deal_date":"2018-09-01 06:01:21","close_date":"2018-09-01 00:00:00","card_no":"HHJJBIJFD","deal_value":"0","deal_type":"地铁入站","company_name":"地铁二号线","car_no":"OGT-114","station":"景田","conn_mark":"0","deal_money":"0","equ_no":"260029114"},{"deal_date":"2018-09-01 05:31:52","close_date":"2018-09-01 00:00:00","card_no":"HHACJAJDI","deal_value":"0","deal_type":"地铁入站","company_name":"地铁四号线","car_no":"AGM-103","station":"红山","conn_mark":"0","deal_money":"0","equ_no":"262015103"},{"deal_date":"2018-09-01 05:34:44","close_date":"2018-09-01 00:00:00","card_no":"HHACJAJDI","deal_value":"200","deal_type":"地铁出站","company_name":"地铁四号线","car_no":"AGM-115","station":"红山","conn_mark":"0","deal_money":"0","equ_no":"262015115"},{"deal_date":"2018-09-01 05:45:16","close_date":"2018-09-01 00:00:00","card_no":"HHACJACAG","deal_value":"200","deal_type":"地铁出站","company_name":"地铁四号线","car_no":"AGM-113","station":"龙华","conn_mark":"0","deal_money":"0","equ_no":"262012113"},{"deal_date":"2018-09-01 05:21:46","close_date":"2018-09-01 00:00:00","card_no":"HHACJACAG","deal_value":"0","deal_type":"地铁入站","company_name":"地铁四号线","car_no":"AGM-109","station":"龙华","conn_mark":"0","deal_money":"0","equ_no":"262012109"},{"deal_date":"2018-09-01 05:49:08","close_date":"2018-09-01 00:00:00","card_no":"HHACJJEFA","deal_value":"0","deal_type":"地铁入站","company_name":"地铁四号线","car_no":"AGM-102","station":"上塘","conn_mark":"0","deal_money":"0","equ_no":"262014102"},{"deal_date":"2018-09-01 05:37:02","close_date":"2018-09-01 00:00:00","card_no":"HHJAJJCGE","deal_value":"0","deal_type":"地铁入站","company_name":"地铁四号线","car_no":"AGM-113","station":"上梅林","conn_mark":"0","deal_money":"0","equ_no":"262019113"},{"deal_date":"2018-09-01 05:50:10","close_date":"2018-09-01 00:00:00","card_no":"HHACJJEAC","deal_value":"0","deal_type":"地铁入站","company_name":"地铁四号线","car_no":"AGM-105","station":"白石龙","conn_mark":"0","deal_money":"0","equ_no":"262017105"},{"deal_date":"2018-09-01 05:21:56","close_date":"2018-09-01 00:00:00","card_no":"HHJAJJGGH","deal_value":"200","deal_type":"地铁出站","company_name":"地铁四号线","conn_mark":"0","deal_money":"0","equ_no":"262019125"},{"deal_date":"2018-09-01 05:51:34","close_date":"2018-09-01 00:00:00","card_no":"HHACJJEAC","deal_value":"200","deal_type":"地铁出站","company_name":"地铁四号线","car_no":"AGM-110","station":"白石龙","conn_mark":"0","deal_money":"0","equ_no":"262017110"},{"deal_date":"2018-09-01 05:50:28","close_date":"2018-09-01 00:00:00","card_no":"HHACJJEFA","deal_value":"200","deal_type":"地铁出站","company_name":"地铁四号线","car_no":"AGM-108","station":"上塘","conn_mark":"0","deal_money":"0","equ_no":"262014108"},{"deal_date":"2018-09-01 06:05:12","close_date":"2018-09-01 00:00:00","card_no":"HHJJAIADA","deal_value":"0","deal_type":"地铁入站","company_name":"地铁一号线","car_no":"IGT-103","station":"大剧院站","conn_mark":"0","deal_money":"0","equ_no":"268004103"},{"deal_date":"2018-09-01 06:05:04","close_date":"2018-09-01 00:00:00","card_no":"HHAAACGAI","deal_value":"0","deal_type":"地铁入站","company_name":"地铁一号线","car_no":"AGT-120","station":"岗厦站","conn_mark":"0","deal_money":"0","equ_no":"268007120"},{"deal_date":"2018-09-01 06:03:08","close_date":"2018-09-01 00:00:00","card_no":"HHJJAGDJH","deal_value":"0","deal_type":"地铁入站","company_name":"地铁一号线","car_no":"IGT-124","station":"桃园","conn_mark":"0","deal_money":"0","equ_no":"268025124"},{"deal_date":"2018-09-01 06:01:16","close_date":"2018-09-01 00:00:00","card_no":"HHAAJAHHC","deal_value":"0","deal_type":"地铁入站","company_name":"地铁九号线","car_no":"IGT-112","station":"?I岭","conn_mark":"0","deal_money":"0","equ_no":"267022112"},{"deal_date":"2018-09-01 06:03:10","close_date":"2018-09-01 00:00:00","card_no":"HHAAJFEJE","deal_value":"0","deal_type":"地铁入站","company_name":"地铁九号线","car_no":"双AGM-119","station":"梅景","conn_mark":"0","deal_money":"0","equ_no":"267018119"},{"deal_date":"2018-09-01 06:03:14","close_date":"2018-09-01 00:00:00","card_no":"HHAAJHCEH","deal_value":"200","deal_type":"地铁出站","company_name":"地铁十一号线","car_no":"AGT-101","station":"塘尾站","conn_mark":"0","deal_money":"0","equ_no":"241023101"},{"deal_date":"2018-09-01 06:06:10","close_date":"2018-09-01 00:00:00","card_no":"HHAAAAJEH","deal_value":"0","deal_type":"地铁入站","company_name":"地铁十一号线","car_no":"AGT-114","station":"碧头","conn_mark":"0","deal_money":"0","equ_no":"241028114"},{"deal_date":"2018-08-31 22:11:40","close_date":"2018-09-01 00:00:00","card_no":"FHHJFFAGC","deal_value":"0","deal_type":"地铁入站","company_name":"地铁五号线","car_no":"IGT-105","station":"布吉","conn_mark":"0","deal_money":"0","equ_no":"263032105"},{"deal_date":"2018-08-31 22:33:05","close_date":"2018-09-01 00:00:00","card_no":"FHFIGGDBG","deal_value":"0","deal_type":"地铁入站","company_name":"地铁五号线","car_no":"IGT-105","station":"布吉","conn_mark":"0","deal_money":"0","equ_no":"263032105"},{"deal_date":"2018-09-01 04:34:45","close_date":"2018-09-01 00:00:00","card_no":"HHABJFJGJ","deal_value":"0","deal_type":"地铁入站","company_name":"地铁一号线","car_no":"AGM-107","station":"深圳大学","conn_mark":"0","deal_money":"0","equ_no":"268024107"},{"deal_date":"2018-08-31 22:46:45","close_date":"2018-09-01 00:00:00","card_no":"BICJHDBJJ","deal_value":"0","deal_type":"地铁入站","company_name":"地铁五号线","car_no":"IGT-105","station":"布吉","conn_mark":"0","deal_money":"0","equ_no":"263032105"},{"deal_date":"2018-08-31 22:46:25","close_date":"2018-09-01 00:00:00","card_no":"FIJHBJIFF","deal_value":"0","deal_type":"地铁入站","company_name":"地铁五号线","car_no":"IGT-105","station":"布吉","conn_mark":"0","deal_money":"0","equ_no":"263032105"},{"deal_date":"2018-08-31 23:21:11","close_date":"2018-09-01 00:00:00","card_no":"CBHGEJBAE","deal_value":"700","deal_type":"地铁出站","company_name":"地铁五号线","car_no":"OGT-101","station":"长龙","conn_mark":"0","deal_money":"665","equ_no":"263031101"},{"deal_date":"2018-08-31 19:54:31","close_date":"2018-09-01 00:00:00","card_no":"BIDHCBIFD","deal_value":"0","deal_type":"地铁入站","company_name":"地铁五号线","car_no":"IGT-104","station":"布吉","conn_mark":"0","deal_money":"0","equ_no":"263032104"},{"deal_date":"2018-08-31 22:49:35","close_date":"2018-09-01 00:00:00","card_no":"BIDGICAEG","deal_value":"0","deal_type":"地铁入站","company_name":"地铁五号线","car_no":"IGT-105","station":"布吉","conn_mark":"0","deal_money":"0","equ_no":"263032105"},{"deal_date":"2018-08-31 23:09:59","close_date":"2018-09-01 00:00:00","card_no":"FHHFJJJHC","deal_value":"0","deal_type":"地铁入站","company_name":"地铁五号线","car_no":"IGT-105","station":"布吉","conn_mark":"0","deal_money":"0","equ_no":"263032105"},{"deal_date":"2018-08-31 22:48:13","close_date":"2018-09-01 00:00:00","card_no":"FIJGAJACB","deal_value":"0","deal_type":"地铁入站","company_name":"地铁五号线","car_no":"IGT-105","station":"布吉","conn_mark":"0","deal_money":"0","equ_no":"263032105"},{"deal_date":"2018-08-31 22:47:51","close_date":"2018-09-01 00:00:00","card_no":"CCAEEBDCB","deal_value":"0","deal_type":"地铁入站","company_name":"地铁五号线","car_no":"IGT-105","station":"布吉","conn_mark":"0","deal_money":"0","equ_no":"263032105"},{"deal_date":"2018-08-31 21:23:19","close_date":"2018-09-01 00:00:00","card_no":"CBGJHBCJD","deal_value":"0","deal_type":"地铁入站","company_name":"地铁五号线","car_no":"IGT-104","station":"布吉","conn_mark":"0","deal_money":"0","equ_no":"263032104"},{"deal_date":"2018-09-01 05:36:22","close_date":"2018-09-01 00:00:00","card_no":"HHAAJFDDC","deal_value":"0","deal_type":"地铁入站","company_name":"地铁七号线","car_no":"进AGM33-34","station":"赤尾","conn_mark":"0","deal_money":"0","equ_no":"265028130"},{"deal_date":"2018-08-31 21:33:00","close_date":"2018-09-01 00:00:00","card_no":"BIJIEBBJB","deal_value":"0","deal_type":"地铁入站","company_name":"地铁五号线","car_no":"IGT-104","station":"布吉","conn_mark":"0","deal_money":"0","equ_no":"263032104"},{"deal_date":"2018-08-31 21:53:39","close_date":"2018-09-01 00:00:00","card_no":"FHCJABIJE","deal_value":"0","deal_type":"地铁入站","company_name":"地铁五号线","car_no":"IGT-104","station":"布吉","conn_mark":"0","deal_money":"0","equ_no":"263032104"},{"deal_date":"2018-08-31 21:50:46","close_date":"2018-09-01 00:00:00","card_no":"CBDIAEJGF","deal_value":"0","deal_type":"地铁入站","company_name":"地铁五号线","car_no":"IGT-104","station":"布吉","conn_mark":"0","deal_money":"0","equ_no":"263032104"},{"deal_date":"2018-09-01 05:39:10","close_date":"2018-09-01 00:00:00","card_no":"CFBAJECDH","deal_value":"800","deal_type":"巴士","company_name":"金华南巴士","car_no":"粤BU2313","station":"332(观澜)","conn_mark":"0","deal_money":"595","equ_no":"227000010"},{"deal_date":"2018-09-01 05:44:20","close_date":"2018-09-01 00:00:00","card_no":"FFJIJIEJA","deal_value":"400","deal_type":"巴士","company_name":"金华南巴士","car_no":"粤BW2731","station":"M433(福永）","conn_mark":"0","deal_money":"315","equ_no":"227000161"},{"deal_date":"2018-09-01 05:19:47","close_date":"2018-09-01 00:00:00","card_no":"CFAGIHDFG","deal_value":"200","deal_type":"巴士","company_name":"金华南巴士","car_no":"粤BW0461","station":"M433(皇岗）","conn_mark":"0","deal_money":"160","equ_no":"227000169"},{"deal_date":"2018-09-01 05:45:52","close_date":"2018-09-01 00:00:00","card_no":"FHFJHIGGI","deal_value":"200","deal_type":"巴士","company_name":"金华南巴士","car_no":"粤BW0461","station":"M433(皇岗）","conn_mark":"0","deal_money":"160","equ_no":"227000169"},{"deal_date":"2018-09-01 05:59:08","close_date":"2018-09-01 00:00:00","card_no":"CFAGJAJID","deal_value":"200","deal_type":"巴士","company_name":"金华南巴士","car_no":"粤BU2663","station":"332(观澜)","conn_mark":"0","deal_money":"160","equ_no":"227000215"},{"deal_date":"2018-09-01 05:51:25","close_date":"2018-09-01 00:00:00","card_no":"FFGIDBAAF","deal_value":"500","deal_type":"巴士","company_name":"金华南巴士","car_no":"粤BW3116","station":"E24","conn_mark":"0","deal_money":"390","equ_no":"227000265"},{"deal_date":"2018-09-01 05:47:33","close_date":"2018-09-01 00:00:00","card_no":"CBEJHHBBD","deal_value":"300","deal_type":"巴士","company_name":"金华南巴士","car_no":"粤BW7517","station":"M433(福永）","conn_mark":"0","deal_money":"240","equ_no":"227000283"},{"deal_date":"2018-09-01 05:48:10","close_date":"2018-09-01 00:00:00","card_no":"FHIAAHGHB","deal_value":"200","deal_type":"巴士","company_name":"华程交通","car_no":"粤BBA343","station":"深惠3B线","conn_mark":"0","deal_money":"200","equ_no":"235000341"},{"deal_date":"2018-09-01 05:34:09","close_date":"2018-09-01 00:00:00","card_no":"CFADHAEEC","deal_value":"400","deal_type":"巴士","company_name":"华程交通","car_no":"粤BK6982","station":"深惠3A线","conn_mark":"0","deal_money":"400","equ_no":"235000362"},{"deal_date":"2018-09-01 05:41:57","close_date":"2018-09-01 00:00:00","card_no":"CBEBIHGID","deal_value":"400","deal_type":"巴士","company_name":"华程交通","car_no":"粤BJ9811","station":"深惠3B线","conn_mark":"0","deal_money":"400","equ_no":"235000444"},{"deal_date":"2018-09-01 05:57:19","close_date":"2018-09-01 00:00:00","card_no":"HHAAJBEDD","deal_value":"0","deal_type":"地铁入站","company_name":"地铁九号线","car_no":"双AGM-119","station":"梅村","conn_mark":"0","deal_money":"0","equ_no":"267020119"},{"deal_date":"2018-09-01 06:03:52","close_date":"2018-09-01 00:00:00","card_no":"HHAAJBCGF","deal_value":"0","deal_type":"地铁入站","company_name":"地铁九号线","car_no":"IGT-109","station":"银湖","conn_mark":"0","deal_money":"0","equ_no":"267023109"},{"deal_date":"2018-09-01 06:05:03","close_date":"2018-09-01 00:00:00","card_no":"HHJJAEIGB","deal_value":"200","deal_type":"地铁出站","company_name":"地铁十一号线","car_no":"OGT-126","station":"南山站","conn_mark":"0","deal_money":"0","equ_no":"241015126"},{"deal_date":"2018-09-01 06:02:48","close_date":"2018-09-01 00:00:00","card_no":"HHJJAEIGB","deal_value":"0","deal_type":"地铁入站","company_name":"地铁十一号线","car_no":"IGT-111","station":"南山站","conn_mark":"0","deal_money":"0","equ_no":"241015111"},{"deal_date":"2018-09-01 06:05:26","close_date":"2018-09-01 00:00:00","card_no":"HHABAEGJG","deal_value":"0","deal_type":"地铁入站","company_name":"地铁五号线","car_no":"IGT-105","station":"留仙洞","conn_mark":"0","deal_money":"0","equ_no":"263019105"},{"deal_date":"2018-09-01 04:29:14","close_date":"2018-09-01 00:00:00","card_no":"HHJJBADCF","deal_value":"0","deal_type":"地铁入站","company_name":"地铁三号线","car_no":"AGM-102","station":"永湖","conn_mark":"0","deal_money":"0","equ_no":"261025102"},{"deal_date":"2018-09-01 04:38:02","close_date":"2018-09-01 00:00:00","card_no":"HHAAJIAAJ","deal_value":"0","deal_type":"地铁入站","company_name":"地铁三号线","car_no":"AGM-102","station":"大芬","conn_mark":"0","deal_money":"0","equ_no":"261020102"},{"deal_date":"2018-08-31 22:42:26","close_date":"2018-09-01 00:00:00","card_no":"FHGEBJJHH","deal_value":"0","deal_type":"地铁入站","company_name":"地铁五号线","car_no":"IGT-105","station":"布吉","conn_mark":"0","deal_money":"0","equ_no":"263032105"},{"deal_date":"2018-08-31 22:42:37","close_date":"2018-09-01 00:00:00","card_no":"BEBACHGFH","deal_value":"0","deal_type":"地铁入站","company_name":"地铁五号线","car_no":"IGT-105","station":"布吉","conn_mark":"0","deal_money":"0","equ_no":"263032105"},{"deal_date":"2018-09-01 04:31:53","close_date":"2018-09-01 00:00:00","card_no":"HHJJJEBDC","deal_value":"0","deal_type":"地铁入站","company_name":"地铁五号线","car_no":"IGT-119","station":"怡景","conn_mark":"0","deal_money":"0","equ_no":"263036119"},{"deal_date":"2018-08-31 22:46:22","close_date":"2018-09-01 00:00:00","card_no":"CCADGJGDJ","deal_value":"0","deal_type":"地铁入站","company_name":"地铁五号线","car_no":"IGT-105","station":"布吉","conn_mark":"0","deal_money":"0","equ_no":"263032105"},{"deal_date":"2018-08-31 22:45:39","close_date":"2018-09-01 00:00:00","card_no":"BIDHDIBIE","deal_value":"0","deal_type":"地铁入站","company_name":"地铁五号线","car_no":"IGT-105","station":"布吉","conn_mark":"0","deal_money":"0","equ_no":"263032105"},{"deal_date":"2018-08-31 19:55:06","close_date":"2018-09-01 00:00:00","card_no":"BIDCBBEGB","deal_value":"0","deal_type":"地铁入站","company_name":"地铁五号线","car_no":"IGT-104","station":"布吉","conn_mark":"0","deal_money":"0","equ_no":"263032104"},{"deal_date":"2018-08-31 22:45:48","close_date":"2018-09-01 00:00:00","card_no":"CBHFGJBJF","deal_value":"0","deal_type":"地铁入站","company_name":"地铁五号线","car_no":"IGT-105","station":"布吉","conn_mark":"0","deal_money":"0","equ_no":"263032105"},{"deal_date":"2018-09-01 04:52:47","close_date":"2018-09-01 00:00:00","card_no":"HHJJJADBB","deal_value":"200","deal_type":"地铁出站","company_name":"地铁二号线","car_no":"OGT-102","station":"海月","conn_mark":"0","deal_money":"0","equ_no":"260017102"},{"deal_date":"2018-08-31 22:45:32","close_date":"2018-09-01 00:00:00","card_no":"CBFHJHAFB","deal_value":"0","deal_type":"地铁入站","company_name":"地铁五号线","car_no":"IGT-105","station":"布吉","conn_mark":"0","deal_money":"0","equ_no":"263032105"},{"deal_date":"2018-08-31 23:01:16","close_date":"2018-09-01 00:00:00","card_no":"CFBABHHCC","deal_value":"0","deal_type":"地铁入站","company_name":"地铁五号线","car_no":"IGT-105","station":"布吉","conn_mark":"0","deal_money":"0","equ_no":"263032105"},{"deal_date":"2018-08-31 20:26:56","close_date":"2018-09-01 00:00:00","card_no":"BIHIABBCH","deal_value":"0","deal_type":"地铁入站","company_name":"地铁五号线","car_no":"IGT-104","station":"布吉","conn_mark":"0","deal_money":"0","equ_no":"263032104"},{"deal_date":"2018-09-01 04:44:50","close_date":"2018-09-01 00:00:00","card_no":"HHAAJHIFF","deal_value":"200","deal_type":"地铁出站","company_name":"地铁九号线","car_no":"双AGM-104","station":"鹿丹村","conn_mark":"0","deal_money":"0","equ_no":"267029104"},{"deal_date":"2018-09-01 04:53:07","close_date":"2018-09-01 00:00:00","card_no":"HHJJAIGCH","deal_value":"200","deal_type":"地铁出站","company_name":"地铁五号线","car_no":"OGT-103","station":"宝华","conn_mark":"0","deal_money":"0","equ_no":"263013103"},{"deal_date":"2018-09-01 04:14:12","close_date":"2018-09-01 00:00:00","card_no":"FFIJJJJJB","deal_value":"200","deal_type":"地铁出站","company_name":"地铁四号线","car_no":"AGM-116","station":"龙华","conn_mark":"0","deal_money":"190","equ_no":"262012116"}],"page":1,"rows":100}
